预测周数,模型代码,模型,MAE,RMSE,方向准确率,回测样本数
1,ridge,Ridge线性回归,0.4330104279153381,0.5211074396305159,0.5076923076923077,65
2,ridge,Ridge线性回归,0.6290643177983205,0.8436597728206898,0.5538461538461539,65
3,ridge,Ridge线性回归,0.8496564723511747,1.1290031349809537,0.5076923076923077,65
4,ridge,Ridge线性回归,0.9439614054033255,1.3207341411084963,0.5076923076923077,65
